image_id,prediction_string
IMG_9946,0 0.735331 0.279929 0.059081 0.219726 0.118162 1 0.104773 0.848774 0.306784 0.302453 0.613567 1 0.078889 0.109126 0.179141 0.079210 0.140462 1 0.047942 0.116079 0.192982 0.065286 0.112364
IMG_9953,1 0.819864 0.653520 0.620991 0.117697 0.178123 1 0.591088 0.746020 0.531213 0.063534 0.089025 1 0.368825 0.697501 0.900873 0.170955 0.173203 1 0.337223 0.828765 0.364053 0.333269 0.590934 1 0.119745 0.825532 0.455744 0.332443 0.404823 1 0.115520 0.920302 0.308443 0.129032 0.161944 1 0.045751 0.531452 0.677980 0.163690 0.224841 1 0.040254 0.974624 0.253859 0.050409 0.351993 1 0.028873 0.802309 0.458328 0.179862 0.278495 1 0.022992 0.918112 0.372802 0.142783 0.336581 1 0.014202 0.892534 0.477746 0.187084 0.262624
IMG_9951,1 0.909230 0.350952 0.640220 0.506614 0.719561 1 0.870596 0.638511 0.557412 0.072875 0.103525 1 0.044334 0.352397 0.502261 0.504662 0.437661 1 0.030464 0.770262 0.607923 0.121087 0.389532 1 0.024088 0.050125 0.739576 0.100249 0.520848 1 0.019984 0.034208 0.720876 0.068417 0.555078 1 0.016322 0.141649 0.737244 0.283298 0.525512 1 0.014515 0.646603 0.401100 0.178058 0.454367 1 0.014124 0.898451 0.378326 0.203098 0.689442
IMG_9901,1 0.947772 0.174043 0.163777 0.212793 0.327554 1 0.928728 0.348098 0.189611 0.163268 0.206782 0 0.921408 0.484941 0.103213 0.463380 0.206427 0 0.813497 0.271492 0.722438 0.172222 0.159974 1 0.045657 0.483775 0.603380 0.019265 0.019433 0 0.039786 0.010053 0.009481 0.019946 0.018961
IMG_9913,1 0.708315 0.639936 0.647582 0.219165 0.327650 0 0.035387 0.960414 0.369048 0.078705 0.092623 1 0.024069 0.519057 0.229852 0.025902 0.022507 0 0.012687 0.356763 0.381181 0.133933 0.350246
IMG_9937,0 0.815125 0.932343 0.513097 0.134884 0.385920 1 0.099586 0.579394 0.399015 0.220325 0.575564 0 0.075377 0.516694 0.114429 0.196855 0.179733 0 0.028295 0.463448 0.396626 0.019999 0.027217 1 0.022770 0.485548 0.278167 0.042804 0.191093 1 0.015370 0.352600 0.308403 0.138056 0.147434
IMG_9929,1 0.767029 0.623059 0.534558 0.192260 0.270978 0 0.186932 0.071707 0.553635 0.012445 0.024170 0 0.124186 0.908205 0.580668 0.182822 0.093594 1 0.112385 0.473372 0.522301 0.110396 0.285415 0 0.016466 0.523443 0.365028 0.194418 0.101473 0 0.010110 0.463400 0.295179 0.012339 0.011800
IMG_9966,0 0.862111 0.523731 0.222884 0.251150 0.445768 0 0.324289 0.581377 0.326580 0.204040 0.343575 0 0.134633 0.732378 0.030524 0.172229 0.059676 0 0.053440 0.061438 0.090226 0.096403 0.180453 0 0.022681 0.439947 0.221607 0.085692 0.440975 0 0.017848 0.774198 0.030364 0.269643 0.060727
IMG_9914,1 0.932237 0.504307 0.575028 0.185290 0.299023 0 0.225685 0.928471 0.477666 0.142781 0.112939 0 0.016831 0.399183 0.212400 0.131715 0.096303 0 0.012345 0.928792 0.503857 0.142256 0.168161 1 0.011897 0.807622 0.011312 0.077662 0.022624 1 0.010534 0.581377 0.538441 0.031426 0.121982
IMG_9958,0 0.501552 0.812386 0.289917 0.162263 0.219470 1 0.485079 0.793450 0.306429 0.207482 0.257403 1 0.357694 0.618528 0.506719 0.105997 0.146986 1 0.068543 0.402077 0.446558 0.339714 0.466187 1 0.052374 0.774333 0.336176 0.172538 0.199218 1 0.028780 0.859833 0.094881 0.137239 0.189474 1 0.014664 0.795716 0.235044 0.211502 0.403395 1 0.013555 0.769444 0.366348 0.163084 0.139808 1 0.011709 0.841840 0.140147 0.171824 0.279796
IMG_9904,0 0.973766 0.549576 0.285468 0.450194 0.570936 1 0.585965 0.165916 0.136808 0.142056 0.264640 1 0.101145 0.453412 0.482298 0.074711 0.073034 1 0.064844 0.056684 0.483284 0.113114 0.198606 1 0.038700 0.055907 0.412471 0.111815 0.351814 0 0.011852 0.236001 0.483545 0.011738 0.020509
IMG_9906,0 0.942729 0.754966 0.436460 0.447315 0.603919 0 0.506712 0.867461 0.086375 0.264978 0.172750 1 0.107931 0.544612 0.135125 0.110000 0.217309 0 0.011551 0.810421 0.087300 0.379158 0.174601
IMG_9896,1 0.895806 0.477146 0.244063 0.032902 0.053457 0 0.305610 0.532151 0.325573 0.224750 0.129348 0 0.176435 0.532644 0.381697 0.224975 0.245516 1 0.024677 0.419478 0.152795 0.078291 0.114007 1 0.017640 0.350155 0.144951 0.026453 0.038717
IMG_9942,1 0.883229 0.578428 0.328463 0.039573 0.046317 0 0.595608 0.491820 0.278084 0.095253 0.144979 1 0.170910 0.589575 0.303574 0.019412 0.021435 1 0.115790 0.568823 0.328962 0.019691 0.046503 1 0.046583 0.491078 0.535784 0.020833 0.032071 1 0.021781 0.589232 0.320103 0.019467 0.053658
IMG_9959,1 0.153360 0.621535 0.303729 0.085563 0.160011 1 0.067551 0.806610 0.223616 0.285390 0.447231 1 0.039439 0.992102 0.643130 0.015421 0.062213 1 0.027421 0.625541 0.231553 0.093460 0.305941 1 0.011313 0.991905 0.621253 0.016045 0.111439
IMG_9897,1 0.755446 0.474011 0.300313 0.027845 0.047360 0 0.513974 0.529381 0.361140 0.182227 0.116230 1 0.025754 0.464368 0.739037 0.148067 0.287128 0 0.016058 0.071548 0.317311 0.143096 0.189472
IMG_9932,1 0.164613 0.545979 0.384889 0.094029 0.235827 1 0.125059 0.672262 0.395563 0.158281 0.221808 1 0.072701 0.546005 0.420766 0.093562 0.164069 1 0.022986 0.943088 0.392378 0.015182 0.015591 1 0.017256 0.057930 0.296664 0.071690 0.130193 0 0.014854 0.911379 0.423601 0.177115 0.096446 1 0.010980 0.391409 0.414069 0.204674 0.193289
IMG_9899,0 0.877404 0.537940 0.138641 0.410673 0.277282 0 0.314320 0.012373 0.040244 0.024706 0.042416 0 0.233335 0.396132 0.492551 0.079902 0.053409 1 0.157832 0.377851 0.059244 0.112522 0.118488 0 0.135418 0.012385 0.052322 0.024769 0.078907 0 0.020800 0.012359 0.075486 0.024718 0.125650 0 0.013085 0.021748 0.994618 0.009025 0.010385
IMG_9943,1 0.311151 0.617992 0.275602 0.026651 0.017210 1 0.163406 0.277947 0.511709 0.047892 0.075802 0 0.121308 0.749458 0.803463 0.218691 0.057986 1 0.041860 0.324581 0.501732 0.029477 0.104448 1 0.035674 0.372438 0.537787 0.013884 0.017258 0 0.016958 0.991351 0.783031 0.016680 0.026039 0 0.012916 0.991963 0.779057 0.015703 0.017241 0 0.010018 0.641837 0.627221 0.112559 0.017971
IMG_9969,1 0.969874 0.192684 0.523897 0.079267 0.132194 0 0.948633 0.737151 0.316707 0.249585 0.387661 1 0.850904 0.771133 0.509775 0.190304 0.304258 0 0.011207 0.364918 0.253010 0.072548 0.217447
IMG_9976,0 0.987137 0.384993 0.320994 0.282274 0.428438 1 0.823106 0.584635 0.736023 0.755913 0.522062 1 0.511594 0.940516 0.699594 0.118967 0.600813
IMG_9939,0 0.961393 0.223861 0.160742 0.222902 0.320665 1 0.774719 0.683960 0.527677 0.235428 0.429768 1 0.595534 0.501915 0.528031 0.196511 0.468330 1 0.573668 0.647450 0.283555 0.052177 0.062468 1 0.523568 0.426016 0.459551 0.208888 0.374783 1 0.123097 0.621058 0.282915 0.103674 0.064633 0 0.058470 0.728794 0.095242 0.009270 0.012948 1 0.043418 0.501509 0.353987 0.140198 0.119181 1 0.037214 0.108576 0.499705 0.028498 0.055412 1 0.021805 0.762705 0.556571 0.082556 0.353117 1 0.014361 0.682710 0.355659 0.226710 0.085189 1 0.012692 0.563132 0.626664 0.607495 0.730072
IMG_9973,0 0.963162 0.552546 0.331211 0.118966 0.231987 0 0.918622 0.680057 0.462136 0.129167 0.208068 1 0.735797 0.587096 0.427749 0.039670 0.071508 0 0.025917 0.504187 0.463477 0.030331 0.056311 0 0.018900 0.375928 0.303029 0.220926 0.177185 1 0.012358 0.987778 0.391179 0.024306 0.110746
IMG_9971,0 0.941963 0.660388 0.256490 0.179130 0.292754 0 0.936947 0.526511 0.233108 0.145463 0.314678 1 0.600491 0.560872 0.344337 0.027144 0.093263
IMG_9909,1 0.303008 0.135904 0.785108 0.271807 0.429783 1 0.218750 0.763471 0.228091 0.101389 0.218529 0 0.185363 0.490617 0.599228 0.247855 0.374322 1 0.094243 0.764788 0.196054 0.098207 0.154123 1 0.059058 0.746118 0.235662 0.136085 0.232939 1 0.014129 0.957506 0.101524 0.084971 0.185011 1 0.012251 0.879123 0.003594 0.009277 0.007189 1 0.010363 0.957677 0.129926 0.084647 0.127705
IMG_9907,0 0.875839 0.569789 0.545662 0.196429 0.183260 1 0.686378 0.297014 0.575250 0.136131 0.118695 1 0.127252 0.573711 0.682206 0.016296 0.034934 0 0.055770 0.543830 0.714015 0.057872 0.180112 1 0.029139 0.573460 0.683174 0.017219 0.051430 1 0.022190 0.269991 0.564753 0.190313 0.143956 0 0.017385 0.939880 0.794723 0.091369 0.017404 0 0.013021 0.165167 0.906056 0.330334 0.187889
IMG_9974,0 0.811974 0.457031 0.332169 0.117153 0.246001 1 0.468088 0.473623 0.438330 0.118837 0.200557 0 0.182187 0.473823 0.436787 0.118347 0.198726 0 0.066487 0.458562 0.287987 0.114391 0.155568 1 0.010008 0.651728 0.406191 0.209383 0.300618
IMG_9933,0 0.924520 0.205989 0.493221 0.410388 0.986442 1 0.569992 0.204770 0.492876 0.409540 0.975245 0 0.239226 0.459116 0.141894 0.096597 0.283788 1 0.199725 0.433574 0.400984 0.054815 0.563564 0 0.193679 0.256186 0.142573 0.503685 0.285145 0 0.075169 0.370523 0.142842 0.275054 0.285684 0 0.028227 0.436708 0.142353 0.140577 0.284706 0 0.020640 0.960033 0.079541 0.079190 0.115350 1 0.012691 0.923484 0.967687 0.032241 0.061051 1 0.012011 0.257450 0.142266 0.504087 0.284532
IMG_9968,0 0.988882 0.529496 0.511255 0.172392 0.359515 1 0.030228 0.661538 0.612272 0.125332 0.229167
IMG_9931,1 0.944771 0.616721 0.436684 0.175620 0.235750 0 0.784527 0.917066 0.582372 0.165791 0.066487 1 0.256860 0.478835 0.474524 0.097822 0.159419 1 0.125566 0.478607 0.432896 0.098145 0.243825 1 0.022686 0.078771 0.489906 0.068816 0.120298 0 0.013247 0.719429 0.628486 0.029300 0.007961 0 0.010359 0.097549 0.576405 0.012654 0.021550
IMG_9963,1 0.585923 0.622895 0.659143 0.134409 0.102924
IMG_9952,1 0.877696 0.677564 0.397455 0.098857 0.141026 1 0.206698 0.892543 0.412062 0.070635 0.089915 0 0.020958 0.765173 0.133690 0.008274 0.042757 1 0.015128 0.024500 0.863882 0.048618 0.246105 1 0.010263 0.820509 0.549844 0.154280 0.206551
IMG_9956,1 0.619850 0.561957 0.472189 0.041096 0.060629 1 0.127428 0.562285 0.442805 0.042169 0.119253 1 0.042960 0.635115 0.365282 0.051812 0.182176 1 0.030457 0.566199 0.420524 0.038688 0.073605 1 0.021116 0.385045 0.599983 0.071104 0.115719 1 0.013743 0.384919 0.545160 0.071662 0.225100 0 0.013729 0.023076 0.381902 0.044719 0.037311 1 0.013150 0.453690 0.473155 0.041833 0.052381 0 0.010711 0.970032 0.385747 0.059574 0.093606
IMG_9967,0 0.973608 0.419053 0.356474 0.223509 0.413801 0 0.070090 0.042056 0.302867 0.084111 0.605734 0 0.036303 0.040398 0.393449 0.080795 0.420631 0 0.013023 0.359298 0.596645 0.559270 0.797729
IMG_9923,1 0.702830 0.377167 0.449541 0.101278 0.112128 1 0.460487 0.360279 0.578972 0.133327 0.368228 1 0.028433 0.348216 0.626831 0.109047 0.274888
IMG_9938,0 0.883415 0.159935 0.193685 0.260692 0.387370 1 0.713141 0.657110 0.335373 0.138001 0.181166 1 0.129295 0.669444 0.371967 0.144331 0.123180 1 0.104420 0.710622 0.281746 0.029126 0.070010 1 0.057506 0.628974 0.636682 0.329426 0.386644 1 0.051179 0.842177 0.550949 0.315646 0.296874 1 0.033228 0.421207 0.648087 0.346042 0.620475 0 0.025398 0.902798 0.139712 0.037816 0.070018 1 0.020170 0.629472 0.720952 0.397313 0.558095 1 0.016181 0.841674 0.693556 0.316653 0.589449 0 0.015673 0.896422 0.140431 0.025712 0.070736 1 0.011702 0.630557 0.874709 0.426986 0.250583 0 0.010172 0.816002 0.127697 0.136775 0.106426
IMG_9948,0 0.985569 0.131537 0.236616 0.258915 0.473232 1 0.076707 0.985575 0.659488 0.028823 0.163897 0 0.054543 0.023888 0.227271 0.047742 0.454542 1 0.051087 0.683931 0.439042 0.048153 0.210457 1 0.041473 0.850902 0.499470 0.298196 0.628783 1 0.040894 0.182652 0.793105 0.363044 0.143944 1 0.033850 0.978738 0.658316 0.039791 0.169285 0 0.017181 0.005879 0.103253 0.011758 0.200584 0 0.013834 0.006563 0.289065 0.013127 0.293344 1 0.012544 0.967492 0.653822 0.062286 0.181758
IMG_9936,1 0.413438 0.458716 0.372137 0.361942 0.573451 0 0.237451 0.477119 0.051714 0.194809 0.102799 0 0.112726 0.457324 0.370236 0.370079 0.579737 0 0.054324 0.429294 0.053090 0.291192 0.106180 1 0.034785 0.165264 0.345009 0.237369 0.618846 1 0.016883 0.530019 0.408321 0.220539 0.491743 0 0.012263 0.473062 0.030175 0.064841 0.060093
IMG_9898,0 0.973516 0.612919 0.160265 0.419397 0.319817 1 0.939233 0.338375 0.142639 0.111832 0.146829 1 0.122869 0.278255 0.111589 0.127213 0.223178 0 0.025812 0.328762 0.026475 0.025426 0.052951 0 0.010838 0.111723 0.054456 0.023225 0.017482
IMG_9957,1 0.645930 0.857123 0.306511 0.285754 0.608959 1 0.359077 0.692831 0.384943 0.112446 0.160635 1 0.141022 0.708533 0.354617 0.141047 0.225039 1 0.067196 0.675843 0.385152 0.077793 0.156910 0 0.015254 0.071604 0.925715 0.104423 0.147652 1 0.014045 0.703656 0.300645 0.135044 0.332891
IMG_9911,1 0.077352 0.701184 0.475316 0.126398 0.306000 0 0.066014 0.090531 0.308221 0.169415 0.269175 0 0.040052 0.603131 0.495411 0.092669 0.118567 1 0.026228 0.583561 0.741420 0.127919 0.216895 0 0.021962 0.087391 0.418286 0.173995 0.508298
IMG_9964,1 0.634054 0.592606 0.365585 0.062460 0.139046 1 0.057107 0.744852 0.416917 0.245566 0.301867 0 0.011254 0.963324 0.174153 0.033678 0.038357
IMG_9919,0 0.915195 0.422699 0.363571 0.353109 0.640674 1 0.882964 0.704973 0.597310 0.052602 0.180626 1 0.784399 0.799787 0.544809 0.173100 0.289959 0 0.067939 0.470086 0.150448 0.209074 0.207521 1 0.012348 0.917999 0.441298 0.164002 0.499875
IMG_9954,1 0.807434 0.630981 0.477825 0.088617 0.197576 1 0.310607 0.836851 0.478199 0.326297 0.908557 1 0.110932 0.580262 0.455482 0.094987 0.435891 1 0.075445 0.601719 0.548892 0.053385 0.256216 1 0.071830 0.581214 0.546240 0.093997 0.255209 1 0.013689 0.537933 0.458546 0.109933 0.211956 1 0.013230 0.849294 0.210039 0.301411 0.420078 0 0.012929 0.704602 0.361363 0.073688 0.435927
IMG_9927,0 0.352939 0.277676 0.269888 0.076721 0.440469 1 0.247390 0.782461 0.419667 0.152827 0.281640 1 0.013643 0.782227 0.465242 0.154274 0.190800
IMG_9924,1 0.480502 0.310526 0.560909 0.083912 0.092070 0 0.384167 0.504943 0.157545 0.163625 0.315089 1 0.037681 0.309967 0.630108 0.084906 0.229850 1 0.032580 0.289028 0.645622 0.128295 0.259469 1 0.019612 0.586273 0.378553 0.379189 0.332688
IMG_9922,1 0.898324 0.458689 0.463560 0.185806 0.402651 0 0.213824 0.079791 0.628692 0.159583 0.420912 0 0.055894 0.089269 0.557745 0.178538 0.569709 0 0.042481 0.769181 0.009541 0.027225 0.019081 0 0.023718 0.943167 0.829200 0.113666 0.274199
IMG_9947,0 0.922862 0.085126 0.161937 0.170038 0.322024 1 0.032335 0.807419 0.314580 0.375336 0.626234
IMG_9972,0 0.958396 0.661144 0.340531 0.126026 0.198090 0 0.947495 0.583176 0.294716 0.119473 0.240605 1 0.084999 0.662289 0.339558 0.125096 0.197900 0 0.011695 0.072581 0.771195 0.145162 0.153457
IMG_9921,0 0.966526 0.139889 0.657706 0.279778 0.675335 1 0.964260 0.433898 0.800679 0.129918 0.241318 1 0.956879 0.385170 0.692930 0.083545 0.161154
IMG_9941,0 0.979287 0.421179 0.286427 0.115489 0.216949 1 0.332711 0.583732 0.378808 0.070480 0.085978 1 0.200153 0.600002 0.379468 0.039087 0.087533 1 0.078939 0.608689 0.377844 0.020908 0.083614 1 0.027436 0.530057 0.372413 0.037208 0.087430 1 0.020899 0.565607 0.333469 0.024159 0.007562 0 0.014294 0.769511 0.301731 0.146601 0.089627 1 0.011688 0.505967 0.366456 0.026365 0.072337
IMG_9902,1 0.964808 0.121962 0.970386 0.183836 0.059229 0 0.951064 0.338205 0.063580 0.384632 0.127161 1 0.806115 0.579768 0.149829 0.071040 0.134150 1 0.679521 0.090569 0.117273 0.181138 0.234545 1 0.488975 0.427313 0.454719 0.073138 0.141588 1 0.237776 0.264281 0.452790 0.042553 0.069648 0 0.197391 0.230865 0.640838 0.157474 0.116024 0 0.026229 0.866104 0.010643 0.076145 0.021287 1 0.020656 0.434178 0.423806 0.087219 0.106702 0 0.011089 0.862334 0.740440 0.018115 0.039045
IMG_9962,1 0.749928 0.351720 0.743422 0.196937 0.487111 1 0.054078 0.120967 0.779903 0.241934 0.440194 1 0.045349 0.534379 0.734337 0.040216 0.029686 1 0.016672 0.613667 0.538185 0.106715 0.173460 1 0.010381 0.114878 0.845162 0.229755 0.309677
IMG_9944,0 0.877926 0.452896 0.198444 0.073084 0.082657 1 0.751458 0.563262 0.240205 0.019184 0.016307 0 0.703177 0.950843 0.234673 0.012791 0.045677 1 0.502467 0.066667 0.478873 0.063806 0.091769 0 0.106708 0.954893 0.235093 0.021322 0.047219 1 0.066731 0.138002 0.463104 0.067698 0.118706 1 0.023999 0.541951 0.230260 0.027159 0.034628 1 0.015411 0.375925 0.637070 0.014219 0.018467 0 0.010897 0.541428 0.230329 0.027150 0.033852 0 0.010750 0.935643 0.230498 0.012234 0.057743
IMG_9926,1 0.066069 0.833373 0.490832 0.162297 0.314427 1 0.040390 0.215574 0.453233 0.016784 0.017621 0 0.018577 0.007775 0.890578 0.015549 0.201614 0 0.012801 0.384471 0.149354 0.222576 0.048700
IMG_9917,0 0.607426 0.075078 0.787123 0.149906 0.425754 1 0.312342 0.647683 0.877554 0.162116 0.244892 1 0.140909 0.276511 0.254129 0.111691 0.078831 0 0.043173 0.073481 0.697321 0.146962 0.601654 0 0.013164 0.388043 0.281230 0.034353 0.061128
IMG_9912,1 0.791026 0.759998 0.955576 0.270182 0.088849 0 0.298476 0.670629 0.643847 0.626127 0.597110 0 0.058075 0.041381 0.785576 0.082567 0.316373 0 0.026460 0.635878 0.507980 0.241700 0.313686 1 0.010700 0.442356 0.167271 0.074520 0.161531
IMG_9908,0 0.634325 0.391109 0.554480 0.269797 0.122482 1 0.368772 0.792325 0.227581 0.167883 0.135461 1 0.042536 0.158533 0.491162 0.196022 0.261905 1 0.035234 0.739900 0.218775 0.066997 0.120841 1 0.020442 0.621092 0.066015 0.043677 0.043067 0 0.010249 0.427563 0.249985 0.086966 0.170928
IMG_9918,0 0.879916 0.285156 0.497150 0.477012 0.922428 1 0.325967 0.666559 0.684985 0.044370 0.241968 0 0.112162 0.273766 0.181134 0.454310 0.346473 0 0.070312 0.666221 0.685731 0.044969 0.245199 1 0.025578 0.661822 0.634724 0.034641 0.139363 1 0.023969 0.791522 0.682550 0.238743 0.419986
IMG_9903,0 0.978316 0.302754 0.182338 0.391303 0.305127 1 0.768519 0.402764 0.484639 0.062822 0.118226 1 0.442324 0.206654 0.989273 0.106065 0.021454 1 0.442009 0.094048 0.415122 0.186710 0.254160 1 0.119079 0.511874 0.031707 0.062058 0.062607 1 0.030308 0.204748 0.985556 0.105997 0.028888 0 0.014238 0.251647 0.719272 0.122618 0.114913
IMG_9949,1 0.815535 0.892943 0.323855 0.213840 0.644657 1 0.303664 0.988193 0.374107 0.023614 0.208973 1 0.121988 0.758850 0.365050 0.072841 0.260760 0 0.072946 0.056598 0.352945 0.113195 0.345022 1 0.060636 0.548858 0.427648 0.120983 0.222093 1 0.057515 0.684056 0.386447 0.109907 0.439210 1 0.047183 0.731777 0.174852 0.156327 0.243841 1 0.028546 0.623581 0.418923 0.071471 0.190853 0 0.019568 0.731478 0.177133 0.013521 0.023982 1 0.012139 0.989726 0.132295 0.020357 0.093546 1 0.011304 0.978603 0.371312 0.042794 0.242152 1 0.010306 0.734421 0.132220 0.150129 0.236948
IMG_8712,0 0.977117 0.460130 0.489883 0.260860 0.247561 1 0.951245 0.701076 0.468090 0.060987 0.072109 1 0.201172 0.754838 0.373892 0.137568 0.170836 0 0.015365 0.302253 0.499445 0.035538 0.018705
IMG_8949,0 0.990977 0.521606 0.514824 0.227085 0.253106 1 0.971537 0.878817 0.657302 0.084834 0.101185
IMG_8778,0 0.927932 0.426755 0.734177 0.521599 0.459271 1 0.670219 0.506488 0.420853 0.046395 0.053291 0 0.306504 0.510172 0.391052 0.963942 0.782103 0 0.259799 0.513038 0.730939 0.349881 0.441683 0 0.126150 0.514082 0.658640 0.349338 0.295189
IMG_8723,0 0.966812 0.279859 0.508569 0.187920 0.305859 1 0.955335 0.665942 0.588246 0.070009 0.089222 1 0.136212 0.890678 0.622147 0.218643 0.332173 0 0.011336 0.607321 0.608359 0.041948 0.086234
IMG_8771,1 0.971537 0.704002 0.497318 0.181816 0.208489 0 0.954163 0.522794 0.253168 0.121467 0.138546 1 0.218884 0.044637 0.003638 0.059100 0.007277 0 0.073896 0.822441 0.240731 0.043178 0.089730 1 0.030310 0.606519 0.956506 0.249174 0.085701 0 0.016375 0.234891 0.289343 0.020505 0.024693 0 0.013676 0.822019 0.255661 0.041817 0.061117 0 0.013398 0.299356 0.279724 0.031109 0.043171 0 0.010912 0.605126 0.273890 0.049841 0.097960
IMG_9164,0 0.971690 0.669782 0.495904 0.632428 0.350689 1 0.424042 0.576830 0.714511 0.220265 0.152706
IMG_8796,1 0.978263 0.348202 0.530944 0.191686 0.237570 0 0.827116 0.555320 0.249482 0.284325 0.214416 0 0.316537 0.645913 0.892760 0.497715 0.214481 0 0.010275 0.495805 0.891360 0.831410 0.217281
IMG_8678,1 0.961526 0.728672 0.400954 0.069073 0.072505 0 0.035635 0.555660 0.064540 0.122673 0.128877
IMG_8673,0 0.971541 0.358388 0.335354 0.187061 0.333857 0 0.389608 0.058525 0.409069 0.117049 0.200048 0 0.040482 0.720884 0.006442 0.122461 0.012884 1 0.038458 0.726781 0.772499 0.546438 0.253223 0 0.012845 0.404001 0.514294 0.123064 0.270367
IMG_8768,1 0.983730 0.350535 0.706272 0.240448 0.254675 0 0.689281 0.619531 0.316585 0.760938 0.633170 1 0.641943 0.301811 0.903105 0.400814 0.193791 1 0.613621 0.661369 0.690114 0.348294 0.235780 1 0.409379 0.604835 0.760601 0.284027 0.378263 1 0.047347 0.120509 0.639174 0.241019 0.297298 0 0.019171 0.697519 0.033226 0.331378 0.066453 1 0.010714 0.079295 0.812762 0.158589 0.374476
IMG_8928,1 0.985534 0.242512 0.750282 0.301033 0.381689 0 0.963772 0.586543 0.311538 0.463788 0.564167
IMG_8963,0 0.986560 0.518345 0.265269 0.252590 0.262567 1 0.970065 0.384326 0.600429 0.120779 0.155878 1 0.011610 0.383698 0.568267 0.119355 0.091745
IMG_8708,0 0.957824 0.584853 0.353896 0.094859 0.127114 0 0.310117 0.876133 0.023599 0.245552 0.047197 0 0.048295 0.990595 0.004054 0.018810 0.008109 0 0.022122 0.198903 0.231471 0.058942 0.011800 0 0.014237 0.714343 0.441478 0.065532 0.046751 0 0.012734 0.151880 0.067245 0.303760 0.134491 1 0.011565 0.661838 0.435745 0.039445 0.030425
IMG_8704,0 0.964612 0.649600 0.370277 0.207441 0.480811 1 0.954961 0.222636 0.515413 0.115862 0.130058 1 0.310134 0.924530 0.824687 0.064136 0.084437 1 0.233571 0.352650 0.865481 0.216231 0.175614 1 0.191094 0.267904 0.977348 0.197775 0.045303 0 0.125265 0.563930 0.864063 0.180059 0.133462 1 0.103673 0.928261 0.970497 0.080389 0.058098 1 0.051199 0.425976 0.587145 0.020396 0.032659 1 0.030167 0.687185 0.873870 0.066157 0.077389 1 0.026930 0.653138 0.976865 0.113562 0.045748 1 0.019716 0.416922 0.710577 0.189522 0.142773
IMG_9308,1 0.989619 0.442279 0.569473 0.199397 0.233963 0 0.955069 0.495188 0.168780 0.630393 0.337561
IMG_8714,0 0.954162 0.622737 0.301416 0.241506 0.158463 1 0.013650 0.744511 0.289282 0.022702 0.052403
IMG_8717,1 0.981494 0.704720 0.611460 0.469717 0.528242 0 0.909751 0.234509 0.183685 0.299420 0.367369
IMG_8692,1 0.920215 0.479048 0.515438 0.283925 0.303764 1 0.809885 0.796885 0.832287 0.406229 0.335425 1 0.037648 0.408025 0.081093 0.519810 0.162044 1 0.026540 0.473281 0.993891 0.025501 0.011768 0 0.011452 0.406286 0.080125 0.528704 0.160251 0 0.010244 0.383414 0.014136 0.362709 0.028271
IMG_9171,0 0.987832 0.412923 0.444503 0.365351 0.248783 1 0.963604 0.507136 0.545009 0.089843 0.106781
IMG_8938,0 0.023333 0.220550 0.205616 0.329286 0.388123
IMG_9162,0 0.973761 0.556733 0.308417 0.514887 0.487449 1 0.963308 0.253356 0.666022 0.215043 0.099580 1 0.066076 0.700234 0.674732 0.019846 0.017474
IMG_8724,1 0.976065 0.720826 0.671203 0.105138 0.109705 0 0.886325 0.325147 0.467473 0.175894 0.309157 1 0.106089 0.822444 0.844770 0.355112 0.310224 0 0.028217 0.021502 0.052875 0.043003 0.104989
IMG_8674,0 0.989503 0.293514 0.616582 0.407198 0.334679 1 0.757163 0.714987 0.320132 0.033809 0.042871 1 0.712374 0.614981 0.461914 0.075452 0.090457
IMG_9307,1 0.986428 0.648594 0.654627 0.269645 0.254332 0 0.950304 0.342824 0.255170 0.587329 0.510339
IMG_8929,1 0.988285 0.216434 0.813518 0.252768 0.322582 0 0.960691 0.580622 0.374515 0.449745 0.517271 0 0.011322 0.580831 0.296049 0.449061 0.360196
IMG_8958,0 0.990997 0.283566 0.182379 0.533548 0.311882 1 0.990985 0.713769 0.511178 0.279355 0.250383
IMG_8668,1 0.974053 0.710451 0.637732 0.163107 0.168309 1 0.639090 0.248076 0.291458 0.084434 0.093805 0 0.396038 0.209397 0.195405 0.156099 0.137433 0 0.386649 0.020474 0.104375 0.040258 0.208592 0 0.212395 0.212076 0.151905 0.161048 0.223689 0 0.072263 0.171446 0.177151 0.080495 0.183493
IMG_9293,1 0.986127 0.275790 0.703234 0.312309 0.319595 0 0.953866 0.405262 0.413527 0.806427 0.448470 0 0.011901 0.467206 0.178110 0.934413 0.356220
IMG_9168,0 0.973900 0.552638 0.396887 0.551953 0.302891 1 0.045766 0.307826 0.273063 0.087996 0.052326
IMG_8772,1 0.979010 0.587945 0.690716 0.072417 0.095006 0 0.971080 0.428102 0.257538 0.115687 0.120774 1 0.081639 0.686397 0.217695 0.033176 0.073929 1 0.031275 0.597300 0.217554 0.042690 0.077554 1 0.028174 0.696066 0.981956 0.121175 0.036088 1 0.026535 0.330116 0.400453 0.139149 0.043882 1 0.020795 0.622851 0.981950 0.251707 0.036100 0 0.020636 0.685999 0.218046 0.032963 0.072807 0 0.015844 0.592618 0.354113 0.032670 0.031462 1 0.014560 0.668110 0.981918 0.176482 0.036164 1 0.010128 0.408254 0.195630 0.009895 0.005896
IMG_8781,0 0.958448 0.310829 0.486245 0.531891 0.524278 1 0.957876 0.656196 0.294175 0.049030 0.057645 0 0.272085 0.743157 0.269389 0.042344 0.047938 0 0.034527 0.159779 0.120223 0.183032 0.240446 1 0.011811 0.042351 0.580243 0.084360 0.158921
IMG_8687,1 0.955382 0.608662 0.467577 0.078233 0.097518 0 0.560058 0.581814 0.196698 0.176280 0.147644 0 0.121754 0.530820 0.197539 0.280142 0.151050 1 0.105400 0.576639 0.506352 0.048017 0.079687 0 0.061430 0.919869 0.008910 0.030282 0.017820 0 0.049889 0.525097 0.266821 0.275015 0.305366 0 0.038865 0.500000 0.720103 1.000000 0.559795 0 0.032634 0.561535 0.328971 0.156219 0.178769 1 0.027222 0.515295 0.526468 0.086211 0.093556 0 0.020417 0.467128 0.177078 0.152435 0.148804
IMG_9294,1 0.974080 0.704679 0.412423 0.162604 0.166472 0 0.930642 0.607494 0.657210 0.434813 0.517455
IMG_8657,0 0.985590 0.375740 0.453790 0.192611 0.375321 1 0.966408 0.591121 0.424968 0.072427 0.081688
IMG_8681,0 0.980924 0.223620 0.212204 0.394980 0.374365 1 0.918693 0.657821 0.552324 0.121732 0.145734 1 0.163474 0.736794 0.630684 0.211636 0.213331 0 0.016135 0.319548 0.039405 0.245724 0.078811
IMG_8716,1 0.964152 0.550963 0.534575 0.106374 0.136070 0 0.924809 0.214552 0.779458 0.429104 0.441084 1 0.044459 0.600250 0.323643 0.178562 0.305641 0 0.017374 0.986538 0.899088 0.026610 0.201722
IMG_8659,1 0.340864 0.651792 0.580912 0.079967 0.084673 0 0.096570 0.582145 0.376195 0.115713 0.066321 0 0.042395 0.607365 0.415170 0.060844 0.034075 0 0.013699 0.536251 0.466542 0.011887 0.015033
IMG_8927,1 0.981138 0.670114 0.750430 0.111691 0.124238 0 0.980722 0.409387 0.565299 0.342783 0.407991
IMG_8926,0 0.972636 0.419027 0.514552 0.379701 0.361908 1 0.964541 0.700110 0.578804 0.087797 0.104406 0 0.273164 0.287794 0.374087 0.117930 0.064187 1 0.015572 0.277638 0.182155 0.555277 0.364236
IMG_8801,0 0.966831 0.480012 0.609798 0.387470 0.201559 1 0.962213 0.823828 0.488953 0.069414 0.072586 1 0.140044 0.103606 0.146045 0.207212 0.292089 0 0.023977 0.829591 0.395509 0.056978 0.036518 1 0.015919 0.276398 0.096469 0.102618 0.094680 0 0.011183 0.991000 0.296585 0.018000 0.075513 0 0.010838 0.556142 0.741323 0.861653 0.517084
IMG_8803,1 0.953202 0.681588 0.277886 0.101964 0.115278 0 0.707366 0.847339 0.678640 0.305323 0.639104 0 0.495118 0.854162 0.576358 0.291676 0.644385 0 0.297055 0.867235 0.501008 0.265529 0.479881 0 0.069092 0.942794 0.516558 0.114413 0.505382 0 0.012052 0.943158 0.593816 0.113685 0.349939
IMG_9299,1 0.969004 0.599970 0.516391 0.173216 0.130557 0 0.910201 0.740827 0.637396 0.518347 0.602331
IMG_8679,1 0.944017 0.659498 0.438077 0.058689 0.069286 1 0.338587 0.879912 0.053009 0.240176 0.106019 0 0.183460 0.605478 0.096577 0.022975 0.016945 1 0.136231 0.310473 0.795060 0.608742 0.409880 0 0.055380 0.272838 0.118037 0.544668 0.236073 1 0.010240 0.294510 0.675574 0.588693 0.648853
IMG_8682,1 0.973896 0.527679 0.534996 0.137139 0.169171 1 0.925977 0.701975 0.563706 0.242218 0.234364 0 0.054873 0.685403 0.992373 0.140745 0.015254 0 0.037609 0.549515 0.005768 0.132612 0.011536
IMG_8936,1 0.897631 0.448314 0.413050 0.153355 0.158747
IMG_8696,1 0.931046 0.679437 0.607215 0.092578 0.074425 0 0.761432 0.374821 0.458209 0.392057 0.263505 0 0.151372 0.499420 0.370826 0.143729 0.090289 0 0.019394 0.823709 0.010952 0.352583 0.021903 0 0.016460 0.884208 0.003474 0.229084 0.006949 1 0.011189 0.206335 0.645954 0.058362 0.037611 0 0.010417 0.513148 0.479151 0.068855 0.118951
IMG_8783,0 0.984824 0.233050 0.369845 0.348550 0.186655 1 0.975711 0.851483 0.562650 0.126313 0.105053 0 0.014892 0.678477 0.202613 0.642338 0.387592
IMG_8713,0 0.972717 0.464498 0.414076 0.250296 0.157889
IMG_8711,1 0.971003 0.758241 0.525948 0.083729 0.093907 0 0.951440 0.359452 0.486309 0.141560 0.292556 0 0.043131 0.507210 0.857756 0.985579 0.282819 1 0.041831 0.568526 0.485532 0.175704 0.134292 1 0.023709 0.917139 0.413486 0.165722 0.239804 0 0.020107 0.578248 0.720054 0.036923 0.066646 0 0.010686 0.745355 0.858917 0.509291 0.281335 0 0.010663 0.043971 0.983152 0.087942 0.033608
IMG_8709,1 0.948156 0.492802 0.554664 0.054956 0.071880 0 0.737034 0.338754 0.466806 0.145447 0.133311 1 0.137762 0.946426 0.586218 0.095199 0.105005 0 0.080398 0.317844 0.467989 0.102686 0.130903 0 0.037330 0.187840 0.391168 0.264698 0.140834 1 0.015212 0.907917 0.470007 0.046440 0.046753
IMG_8693,1 0.923368 0.528433 0.659039 0.185081 0.227940 1 0.621523 0.397459 0.877875 0.261707 0.244251 0 0.478770 0.294493 0.104696 0.192369 0.209148 0 0.468189 0.218372 0.302686 0.436745 0.601153 0 0.025702 0.218596 0.398759 0.437191 0.409723 0 0.017917 0.254153 0.067865 0.048506 0.063059 1 0.013154 0.842607 0.048905 0.272789 0.097757 0 0.010620 0.431362 0.014372 0.057106 0.028745
IMG_8701,1 0.933870 0.365107 0.567185 0.099946 0.082831 0 0.927671 0.457044 0.229704 0.056374 0.131357 1 0.697462 0.605274 0.057821 0.054127 0.048405 1 0.566384 0.351275 0.680602 0.128408 0.144652 0 0.198427 0.566261 0.016803 0.056593 0.033607 1 0.038613 0.561256 0.094548 0.055032 0.047102 0 0.033333 0.745891 0.220513 0.508218 0.440516 1 0.022938 0.359424 0.250887 0.031242 0.039646 0 0.015381 0.667887 0.084086 0.165798 0.168173 1 0.011951 0.618447 0.137557 0.069996 0.057402 1 0.011945 0.671532 0.129747 0.065633 0.103130
IMG_8791,0 0.762657 0.118477 0.338165 0.236953 0.301072 1 0.542874 0.614612 0.646416 0.226505 0.197031 1 0.012515 0.317229 0.739055 0.632941 0.521889
IMG_8688,1 0.872042 0.731146 0.470385 0.082621 0.084309 0 0.356386 0.486360 0.225275 0.149572 0.136297 1 0.132234 0.696670 0.547471 0.097008 0.097762 0 0.125335 0.533340 0.011188 0.028894 0.022377 1 0.044498 0.700233 0.532767 0.107657 0.126492 0 0.030617 0.596650 0.026556 0.011979 0.053001 0 0.010450 0.743829 0.037034 0.083940 0.073995
IMG_9284,1 0.955460 0.286812 0.812067 0.217568 0.107726 0 0.935112 0.462388 0.620225 0.461710 0.331548 1 0.010446 0.487583 0.284882 0.975165 0.569765
IMG_9302,1 0.976590 0.756555 0.577926 0.172666 0.090917 0 0.912281 0.340912 0.623195 0.242394 0.597249 0 0.174919 0.341755 0.740856 0.244191 0.359041 0 0.050848 0.331401 0.453219 0.220052 0.260168 0 0.010615 0.355679 0.394486 0.128470 0.144802
IMG_8722,0 0.395458 0.283542 0.584311 0.231575 0.365495 1 0.025440 0.885721 0.518724 0.205462 0.248081 0 0.019685 0.688366 0.936974 0.623267 0.126052 1 0.012258 0.519305 0.627130 0.213211 0.157959 1 0.012006 0.475647 0.462369 0.180795 0.152089 0 0.010895 0.569289 0.927151 0.052180 0.105154
IMG_8684,0 0.985347 0.802716 0.440997 0.378874 0.278928 1 0.947746 0.212598 0.504470 0.103023 0.127252 1 0.519019 0.310187 0.537702 0.173030 0.167768 1 0.085317 0.253123 0.160453 0.235693 0.147308 0 0.011726 0.342383 0.025894 0.211927 0.051443
IMG_9291,0 0.968812 0.391234 0.288733 0.587651 0.387293
IMG_9306,1 0.988421 0.691539 0.719864 0.206922 0.208278 0 0.938190 0.407424 0.234294 0.598011 0.468589 0 0.082008 0.376419 0.596361 0.715269 0.807278 0 0.014672 0.562181 0.008875 0.259805 0.017751
IMG_8784,1 0.964478 0.793964 0.438449 0.082259 0.084790 0 0.949954 0.175335 0.485970 0.318263 0.075803 0 0.418770 0.407177 0.212251 0.078026 0.064756 0 0.150466 0.324627 0.348474 0.130733 0.033867
IMG_8702,1 0.888520 0.513774 0.574218 0.105546 0.100038 1 0.844048 0.564356 0.698711 0.138437 0.156652 0 0.584301 0.380219 0.192395 0.045878 0.107676 1 0.211653 0.567369 0.081085 0.073032 0.075243 1 0.189559 0.623761 0.036707 0.060081 0.057668 1 0.105956 0.606418 0.006263 0.045834 0.012527 1 0.048497 0.565402 0.601448 0.059506 0.043586 1 0.036506 0.507319 0.026134 0.059393 0.052125 1 0.028835 0.548619 0.005859 0.057922 0.011718 1 0.012150 0.494191 0.649460 0.069563 0.123973 0 0.011831 0.569664 0.080613 0.069103 0.075930
IMG_9169,0 0.983026 0.359980 0.350772 0.434023 0.371446 1 0.967539 0.549889 0.509992 0.096187 0.114078
IMG_8802,0 0.966108 0.497995 0.665284 0.356836 0.306671 1 0.885678 0.671890 0.463757 0.057995 0.068244 0 0.053878 0.108049 0.222793 0.081031 0.015003 0 0.028372 0.589917 0.046360 0.069761 0.031405 1 0.027885 0.699203 0.008184 0.049979 0.016367 0 0.015403 0.665521 0.255113 0.015600 0.027012
IMG_9301,0 0.976961 0.595335 0.283050 0.444202 0.496756
IMG_9281,0 0.975256 0.610397 0.696776 0.551597 0.289586 1 0.968513 0.287639 0.153241 0.082790 0.092668
IMG_8939,1 0.980942 0.565514 0.488649 0.205787 0.226148 0 0.950016 0.344763 0.144818 0.240258 0.185558
IMG_8721,1 0.960469 0.720787 0.621748 0.070869 0.099018 0 0.925593 0.286558 0.558511 0.182788 0.356056 0 0.022354 0.644038 0.511353 0.121868 0.205925
IMG_8961,1 0.993693 0.462354 0.710486 0.435836 0.245237 0 0.974107 0.518915 0.267008 0.337702 0.437097 1 0.213990 0.917437 0.271612 0.029791 0.047642 0 0.012888 0.236111 0.302633 0.456730 0.565841
IMG_8947,0 0.977429 0.491420 0.406245 0.515261 0.222368 1 0.968246 0.328109 0.712525 0.102442 0.108980 0 0.460623 0.331061 0.142271 0.652366 0.283946 1 0.039307 0.978036 0.542520 0.043813 0.125050
IMG_8954,1 0.981944 0.285144 0.683703 0.108446 0.127893 0 0.981863 0.771959 0.415659 0.167277 0.264408 0 0.779154 0.222255 0.103340 0.444510 0.204289 0 0.482469 0.696153 0.324694 0.078768 0.078696
IMG_9173,1 0.938844 0.830232 0.662520 0.136415 0.159945 0 0.929278 0.544063 0.669849 0.524945 0.657710
IMG_8807,1 0.932588 0.703563 0.754755 0.199020 0.171409 1 0.794747 0.388691 0.102603 0.096468 0.084091 1 0.011039 0.009848 0.209007 0.019695 0.027946
IMG_8699,0 0.953586 0.425525 0.346202 0.213770 0.411400 0 0.046879 0.576058 0.799990 0.013436 0.043212 1 0.023635 0.335172 0.798441 0.111447 0.059052 1 0.010461 0.542897 0.008572 0.084946 0.017145 0 0.010303 0.505959 0.622141 0.931555 0.752731
IMG_8806,1 0.980505 0.530982 0.686569 0.122027 0.156480 0 0.766632 0.171448 0.113070 0.177917 0.226141 1 0.028659 0.704564 0.006172 0.036997 0.012075 0 0.010415 0.211930 0.113089 0.099468 0.226178
IMG_9174,1 0.983616 0.622420 0.792405 0.262622 0.256123 0 0.730385 0.210037 0.552906 0.420073 0.799535 0 0.664327 0.208824 0.401745 0.417647 0.740414
IMG_8719,0 0.973396 0.397321 0.496123 0.200368 0.193536 1 0.960858 0.650494 0.622080 0.076312 0.097653 1 0.119919 0.900060 0.585869 0.199880 0.291262 0 0.018239 0.690736 0.561999 0.055123 0.041511
IMG_8671,0 0.971035 0.275190 0.456933 0.115257 0.139582 1 0.013316 0.528150 0.516803 0.051221 0.058669
IMG_8658,0 0.955547 0.399176 0.331253 0.119910 0.111810 1 0.804571 0.348100 0.646611 0.111841 0.123386 0 0.154390 0.432133 0.450330 0.053416 0.110221 1 0.015034 0.249038 0.489708 0.130673 0.165138
IMG_8779,0 0.963569 0.472102 0.745130 0.457944 0.402902 1 0.946005 0.585494 0.420042 0.049979 0.052184 0 0.125001 0.513743 0.387658 0.972514 0.773542 0 0.017115 0.649078 0.386708 0.040289 0.041518
IMG_8672,1 0.933367 0.545105 0.392630 0.038820 0.050306 0 0.095528 0.058990 0.091622 0.117981 0.183245
IMG_8718,1 0.976842 0.666821 0.493096 0.190489 0.234672 0 0.761722 0.393096 0.257384 0.338810 0.311708 0 0.061432 0.325630 0.197973 0.348824 0.210127 0 0.052250 0.559951 0.058507 0.149219 0.117013 1 0.026777 0.789206 0.112685 0.254940 0.224283 0 0.019906 0.228284 0.013230 0.096619 0.026461 0 0.013336 0.578604 0.773033 0.045993 0.053111
IMG_8982,1 0.988787 0.277842 0.292234 0.268305 0.246246 0 0.974425 0.782061 0.442056 0.435877 0.337791
IMG_9303,1 0.957724 0.733078 0.360350 0.199670 0.112279 0 0.755468 0.203146 0.467373 0.406292 0.567450 0 0.042732 0.174882 0.188500 0.349764 0.334352 0 0.014885 0.194800 0.363357 0.389600 0.683638
IMG_8937,no boxes
IMG_8799,1 0.959150 0.861139 0.668791 0.121529 0.089003 0 0.955213 0.270262 0.541736 0.402553 0.312303 0 0.476951 0.549385 0.032381 0.168698 0.064761 1 0.022061 0.284868 0.918987 0.127170 0.098266 0 0.021359 0.790739 0.823908 0.418521 0.352002 0 0.015602 0.376308 0.046425 0.137570 0.092849 1 0.014699 0.026355 0.012373 0.052710 0.024624 1 0.014330 0.734255 0.012041 0.184730 0.024082 0 0.012316 0.790004 0.894631 0.419991 0.210739 0 0.011340 0.328848 0.241172 0.086948 0.048965
IMG_8691,1 0.978512 0.795581 0.816241 0.408838 0.367519 1 0.846219 0.464890 0.646034 0.281660 0.361558 1 0.418224 0.498108 0.784958 0.239469 0.429708 0 0.262705 0.304120 0.082088 0.102584 0.143325 1 0.063925 0.466679 0.729509 0.282365 0.528898 0 0.036833 0.765316 0.304768 0.025075 0.041438 0 0.032828 0.308484 0.397003 0.033473 0.029278 0 0.028016 0.305039 0.113845 0.101550 0.080579 0 0.023383 0.765246 0.311765 0.024166 0.027484 1 0.018242 0.694909 0.612714 0.187650 0.144754 1 0.017541 0.652790 0.781542 0.553663 0.436041 0 0.011701 0.367425 0.019379 0.029567 0.038757
IMG_8962,1 0.970579 0.456345 0.732206 0.215410 0.142595 0 0.961811 0.486618 0.286196 0.312939 0.361997
IMG_8983,0 0.978210 0.189041 0.361083 0.378082 0.317174 1 0.287132 0.765944 0.202495 0.251682 0.214882
IMG_8811,1 0.971295 0.078175 0.931592 0.156349 0.136817 0 0.961357 0.620155 0.232290 0.291906 0.080261 1 0.071529 0.283854 0.927319 0.110665 0.145362 1 0.040523 0.134328 0.005204 0.023570 0.010407 1 0.011515 0.698591 0.214187 0.106606 0.115417
IMG_8798,0 0.984884 0.439899 0.645979 0.291605 0.300981 1 0.843886 0.545906 0.261415 0.097147 0.080692 0 0.100113 0.592181 0.959606 0.036617 0.080082 0 0.012222 0.131073 0.851116 0.071732 0.050875
IMG_8676,0 0.985534 0.270357 0.545121 0.203722 0.257089 1 0.903915 0.887691 0.421990 0.037295 0.039489 1 0.541088 0.637160 0.508405 0.066449 0.075510
IMG_9283,0 0.901500 0.609714 0.288494 0.780572 0.367679 1 0.787559 0.304619 0.437742 0.513457 0.244670 0 0.137267 0.609287 0.218912 0.781426 0.231508 0 0.024861 0.547232 0.331164 0.893160 0.468895
IMG_8663,1 0.980517 0.206966 0.440387 0.115075 0.085512 0 0.973059 0.516963 0.337872 0.389835 0.353254 1 0.251958 0.745402 0.990047 0.051009 0.019869 1 0.129772 0.631396 0.087966 0.383087 0.175931 1 0.021174 0.179684 0.666323 0.193015 0.045743 0 0.019568 0.615652 0.995047 0.132776 0.009905 1 0.018738 0.695693 0.989713 0.155244 0.020575 1 0.014802 0.315371 0.862473 0.502352 0.275053 0 0.012650 0.210706 0.547403 0.060673 0.011089 1 0.011796 0.184626 0.002879 0.032615 0.005758 0 0.010951 0.120957 0.655701 0.065165 0.015772 0 0.010688 0.608964 0.996041 0.092536 0.007918 1 0.010636 0.722672 0.990269 0.096539 0.019439
IMG_8777,0 0.972045 0.434501 0.562742 0.385136 0.343237 1 0.941974 0.749684 0.238984 0.056518 0.062308 0 0.030939 0.852299 0.189003 0.049752 0.057688
IMG_8979,0 0.989535 0.331167 0.560505 0.336197 0.333819 1 0.951116 0.696417 0.391291 0.077194 0.080465 0 0.082414 0.858130 0.982919 0.283740 0.034163
IMG_8984,0 0.986194 0.471605 0.436160 0.512751 0.390800
IMG_9288,1 0.978351 0.285117 0.094005 0.120558 0.157843 0 0.977068 0.431021 0.688805 0.372856 0.493317 0 0.030573 0.691460 0.039249 0.428906 0.078497 0 0.024854 0.542659 0.039828 0.730894 0.079656 1 0.019833 0.800111 0.841517 0.399778 0.316966
IMG_8776,0 0.986722 0.205883 0.545732 0.411766 0.416144 1 0.931503 0.567190 0.294433 0.047993 0.058346
IMG_8769,1 0.983100 0.410578 0.729091 0.284829 0.326198 0 0.633762 0.605782 0.264286 0.788437 0.528573 1 0.585571 0.766645 0.652293 0.393607 0.246406 1 0.422133 0.744816 0.732786 0.433163 0.408011 1 0.414874 0.467052 0.915346 0.495656 0.168859 0 0.205230 0.603955 0.369895 0.792089 0.647638
IMG_8944,0 0.961659 0.329377 0.721120 0.506165 0.481234 1 0.891595 0.043432 0.506968 0.086864 0.113611 1 0.431699 0.043153 0.543597 0.086306 0.187917 0 0.288469 0.945133 0.047611 0.109734 0.094983 1 0.122392 0.367947 0.020484 0.192053 0.040968 1 0.063754 0.694670 0.425840 0.093430 0.067827 1 0.037571 0.704953 0.370088 0.019143 0.010030 1 0.015747 0.321012 0.020784 0.095469 0.041289 1 0.010373 0.569874 0.359430 0.016761 0.010090
IMG_8797,0 0.971820 0.703458 0.227265 0.189908 0.178987 1 0.932328 0.476864 0.626264 0.056746 0.067955 0 0.013838 0.481978 0.786875 0.523919 0.426249
IMG_8703,1 0.936462 0.251696 0.387737 0.114599 0.119714 0 0.895410 0.600689 0.247713 0.312072 0.390119 1 0.041569 0.556866 0.972673 0.195128 0.054301 0 0.024977 0.693230 0.256564 0.129891 0.352172 0 0.020068 0.973531 0.129761 0.033422 0.017785 1 0.018139 0.917246 0.994230 0.042044 0.011540 0 0.016783 0.947944 0.389892 0.031815 0.030609 0 0.016408 0.901618 0.090274 0.025215 0.048943
IMG_8677,0 0.973868 0.223883 0.625102 0.446517 0.535117 1 0.411102 0.815232 0.478291 0.126824 0.121063 0 0.031514 0.161564 0.033234 0.323127 0.066467 0 0.014347 0.943972 0.058720 0.112056 0.116880
IMG_8793,0 0.965961 0.650093 0.387015 0.170153 0.184955 1 0.908309 0.570180 0.917786 0.138339 0.091499 0 0.148882 0.484056 0.150739 0.018587 0.027046 1 0.087792 0.839710 0.245545 0.027552 0.037935 0 0.010938 0.055072 0.159974 0.109545 0.066121
IMG_9292,1 0.983713 0.295583 0.403833 0.267593 0.217720 0 0.943889 0.406126 0.266246 0.682335 0.265993 1 0.101826 0.500000 0.667070 1.000000 0.657485 1 0.014465 0.500000 0.441793 1.000000 0.537998
IMG_8808,0 0.957367 0.454409 0.107404 0.274081 0.080478 1 0.906981 0.581495 0.779041 0.218900 0.223753 1 0.035441 0.560106 0.996926 0.049193 0.006149 1 0.024655 0.550783 0.996657 0.069986 0.006687 1 0.022783 0.558622 0.993738 0.109430 0.012525
IMG_8959,0 0.988525 0.705396 0.535211 0.431415 0.396031 1 0.968091 0.135413 0.559517 0.084297 0.093784
IMG_9297,0 0.969505 0.475473 0.414930 0.280002 0.579999 1 0.897852 0.164779 0.784701 0.165836 0.177280
IMG_8662,0 0.980906 0.630326 0.482267 0.184176 0.161175 1 0.934704 0.507372 0.494479 0.047347 0.049340 1 0.065172 0.678280 0.252450 0.050316 0.031571
IMG_9296,1 0.990006 0.334686 0.680054 0.306973 0.371203 0 0.900206 0.510909 0.304504 0.484794 0.603541
IMG_8694,1 0.990356 0.438336 0.400641 0.255934 0.296588 0 0.510735 0.311358 0.128199 0.452943 0.255548 0 0.149503 0.320476 0.188967 0.437377 0.377934 1 0.068869 0.255203 0.353876 0.167817 0.085040 0 0.038408 0.525532 0.785128 0.278045 0.123529 1 0.034447 0.287918 0.491796 0.240558 0.267298 0 0.016477 0.523471 0.804686 0.273522 0.083229 1 0.015596 0.112793 0.534932 0.225214 0.358503 0 0.014749 0.995816 0.065657 0.008028 0.072679
IMG_8683,1 0.981358 0.467937 0.444201 0.098505 0.125921 0 0.970767 0.850965 0.325674 0.298071 0.201853 1 0.924285 0.593777 0.455797 0.159389 0.164450 0 0.025308 0.518435 0.043579 0.021532 0.087158 0 0.012047 0.863676 0.369177 0.272649 0.116718 0 0.010628 0.209337 0.234548 0.025546 0.017403
IMG_8976,1 0.965739 0.884325 0.580302 0.156734 0.169178 0 0.958504 0.091473 0.366980 0.178697 0.489066 0 0.018714 0.180839 0.250260 0.351263 0.500519
IMG_8766,0 0.983615 0.593477 0.405251 0.263499 0.289881 1 0.942038 0.486801 0.503849 0.066043 0.085500 1 0.929572 0.551404 0.522859 0.095611 0.108837 1 0.461428 0.803797 0.195644 0.077709 0.075280 1 0.233786 0.882181 0.305109 0.061140 0.078936 1 0.137273 0.451955 0.553201 0.094838 0.079996 0 0.052384 0.492383 0.375296 0.907334 0.750592 1 0.030634 0.385568 0.506682 0.086828 0.094446
IMG_8943,1 0.969018 0.214273 0.619031 0.093331 0.105521 0 0.956089 0.657503 0.667691 0.495012 0.219477 0 0.156983 0.660650 0.792192 0.454028 0.109921 0 0.054960 0.662398 0.833577 0.448010 0.190526 1 0.050211 0.232216 0.698968 0.086192 0.059178 1 0.049831 0.637059 0.429993 0.012885 0.015486 1 0.018269 0.211481 0.443460 0.016451 0.010560
IMG_8809,1 0.977190 0.305107 0.675479 0.181957 0.217730 0 0.939572 0.393432 0.091360 0.271488 0.067712 1 0.026556 0.164996 0.931970 0.175575 0.135648
IMG_8782,0 0.979269 0.346408 0.296826 0.249412 0.205089 1 0.793733 0.641923 0.687109 0.118877 0.104964 1 0.035503 0.246379 0.144542 0.119110 0.097132 1 0.017456 0.924587 0.948752 0.150827 0.102274
IMG_8666,1 0.957963 0.448568 0.491496 0.072700 0.088302 0 0.939204 0.517099 0.373406 0.143120 0.230965 0 0.025021 0.396225 0.245088 0.006860 0.011089 0 0.011360 0.203079 0.260889 0.032469 0.011636 0 0.010200 0.203488 0.274952 0.034439 0.039300
IMG_8946,0 0.982526 0.584555 0.418883 0.482643 0.161062 1 0.975453 0.531749 0.743906 0.095097 0.129038 0 0.029286 0.390372 0.858573 0.021013 0.018121 0 0.026762 0.072832 0.148106 0.145665 0.295557 1 0.017542 0.558649 0.952414 0.879613 0.095171
IMG_8706,0 0.972048 0.487060 0.216256 0.301125 0.286521 0 0.861303 0.658716 0.378429 0.161032 0.065952 0 0.494035 0.982776 0.819324 0.034448 0.093745 1 0.144993 0.534744 0.394360 0.083371 0.081487 1 0.013271 0.336257 0.341743 0.028201 0.042320
IMG_8667,1 0.979096 0.427686 0.629389 0.136658 0.184010 0 0.041779 0.231750 0.634004 0.463501 0.727218 1 0.022114 0.306708 0.323815 0.080603 0.086492 0 0.013576 0.304701 0.268021 0.069962 0.037291
IMG_9279,0 0.958201 0.223039 0.312931 0.294581 0.566211 1 0.916468 0.467934 0.746083 0.132556 0.112486
IMG_9289,0 0.974966 0.410271 0.289513 0.379277 0.456148 1 0.972501 0.576491 0.660171 0.294111 0.256841 0 0.031349 0.507728 0.990090 0.173498 0.019819 1 0.024105 0.073761 0.987668 0.147522 0.024664 0 0.017987 0.470517 0.989531 0.236210 0.020937
IMG_8964,0 0.983314 0.545771 0.265971 0.258688 0.268364 1 0.955677 0.401435 0.611172 0.121538 0.156852
IMG_8656,0 0.981527 0.300282 0.488645 0.392605 0.364060 1 0.973764 0.682903 0.505451 0.081901 0.090614
IMG_8941,1 0.956996 0.222668 0.450660 0.114587 0.123389 1 0.311210 0.478144 0.685020 0.106264 0.145894 0 0.176160 0.077947 0.548933 0.155598 0.045918 0 0.038017 0.771937 0.552368 0.247791 0.364371
IMG_8774,1 0.979123 0.301646 0.761852 0.191247 0.230856 0 0.966267 0.732684 0.222331 0.160749 0.157723 0 0.159273 0.966495 0.226874 0.067010 0.077012 0 0.042870 0.197432 0.179346 0.027123 0.019285 0 0.024909 0.971411 0.220264 0.057177 0.062468
IMG_8686,1 0.971473 0.433369 0.565232 0.085266 0.102891 0 0.812593 0.471007 0.341918 0.254989 0.311521 0 0.169386 0.360718 0.103493 0.008222 0.053433 0 0.037162 0.864794 0.010909 0.087697 0.021819 1 0.031482 0.294945 0.974029 0.125624 0.051791 0 0.019819 0.842052 0.010860 0.140062 0.021633 0 0.018966 0.385757 0.339203 0.433042 0.318352
IMG_8981,0 0.990639 0.652285 0.419736 0.382347 0.402351 1 0.971854 0.201972 0.601747 0.127660 0.117401
IMG_9166,0 0.969329 0.424876 0.635466 0.438378 0.274349 1 0.954054 0.183828 0.617948 0.087486 0.079419 0 0.037715 0.307265 0.591546 0.204087 0.186986
IMG_8661,0 0.963530 0.337912 0.448780 0.144338 0.156249 1 0.073435 0.229509 0.987575 0.058936 0.024850 0 0.052720 0.304075 0.658040 0.026870 0.011355 1 0.018359 0.254515 0.500830 0.023053 0.040109 1 0.017779 0.579285 0.498071 0.074611 0.075372
IMG_9286,1 0.979597 0.629809 0.176880 0.110536 0.133566 0 0.914822 0.385937 0.665361 0.165028 0.428723 1 0.014633 0.099313 0.116414 0.198627 0.232827 0 0.014003 0.386127 0.554698 0.167652 0.208633
IMG_8948,1 0.925975 0.513782 0.692610 0.235148 0.295384 0 0.909706 0.483378 0.181040 0.668015 0.308558 0 0.093252 0.682062 0.209542 0.269597 0.188073 0 0.049612 0.467255 0.264919 0.738297 0.483244 1 0.032557 0.501739 0.765480 0.257052 0.447428 0 0.012088 0.211287 0.664597 0.422573 0.066993 1 0.010690 0.436914 0.770950 0.862417 0.458100
IMG_8787,1 0.976045 0.572408 0.315069 0.192146 0.238882 0 0.020485 0.240450 0.017128 0.288803 0.034257 0 0.011180 0.033605 0.032958 0.067209 0.065915
IMG_8786,1 0.937231 0.728208 0.326689 0.048910 0.056662 0 0.655215 0.362397 0.055286 0.071913 0.043896 0 0.046316 0.673448 0.069988 0.015501 0.021846
IMG_8804,0 0.981658 0.770212 0.652357 0.407751 0.571020 1 0.974129 0.643779 0.249325 0.096602 0.112418 1 0.378270 0.009354 0.527217 0.018707 0.200974 1 0.011281 0.009394 0.581159 0.018787 0.303721
IMG_8788,1 0.945892 0.558114 0.791675 0.065569 0.143711 0 0.908072 0.212200 0.194545 0.364779 0.389090
IMG_8952,1 0.969570 0.182647 0.530542 0.124345 0.097004 0 0.959083 0.743480 0.652913 0.513040 0.297499 1 0.263368 0.773994 0.324979 0.270644 0.187542 1 0.022293 0.900925 0.903437 0.198150 0.193126
IMG_8707,0 0.955808 0.525943 0.321571 0.170839 0.180684 1 0.719296 0.414986 0.394272 0.038592 0.039043 0 0.512288 0.652141 0.431624 0.090735 0.032440 0 0.243989 0.652220 0.447678 0.089889 0.065201 1 0.174596 0.581440 0.437789 0.051423 0.045308 0 0.086163 0.603999 0.841217 0.041287 0.034536 0 0.062901 0.214010 0.064261 0.428019 0.128522 0 0.044895 0.667341 0.345194 0.031872 0.048639 1 0.018948 0.606010 0.917670 0.053737 0.046694 0 0.012548 0.622325 0.649388 0.092434 0.067421 0 0.010661 0.259621 0.308115 0.016479 0.025933 0 0.010330 0.273217 0.310532 0.020911 0.019590
IMG_8794,1 0.972939 0.460104 0.558970 0.129776 0.159029 0 0.957524 0.453603 0.203476 0.170862 0.193177 0 0.015252 0.990033 0.382928 0.019935 0.109844 0 0.013668 0.987559 0.303084 0.024883 0.065262
IMG_8942,1 0.956702 0.115692 0.500855 0.094717 0.106226 1 0.388547 0.292779 0.697320 0.091052 0.126751 0 0.015381 0.641974 0.763810 0.105933 0.022140 1 0.013242 0.292933 0.717969 0.090483 0.085940 0 0.013072 0.635523 0.587283 0.153759 0.346647
IMG_9176,0 0.967483 0.347735 0.317943 0.692829 0.630425 1 0.962339 0.433195 0.550515 0.202505 0.186755 1 0.018494 0.905538 0.983976 0.188924 0.031873 0 0.012087 0.852840 0.983445 0.286933 0.033111
IMG_8773,1 0.965130 0.353354 0.663080 0.099721 0.117904 0 0.961196 0.685120 0.286984 0.118298 0.126022 1 0.064089 0.809324 0.552979 0.034701 0.037405 0 0.040037 0.768308 0.315846 0.051437 0.049813 0 0.030610 0.247545 0.260967 0.023614 0.016080 0 0.028013 0.989618 0.275517 0.020763 0.072854 0 0.019174 0.515123 0.296246 0.029532 0.033789 0 0.017838 0.778982 0.316571 0.032697 0.047088 0 0.016246 0.654156 0.090521 0.014601 0.026753 0 0.011995 0.774503 0.312302 0.041364 0.038795 0 0.010555 0.753096 0.319010 0.032544 0.049563
IMG_8792,0 0.967682 0.699314 0.332383 0.175607 0.185848 1 0.784056 0.381852 0.780868 0.120570 0.062567 0 0.036843 0.210728 0.070335 0.101382 0.058658 0 0.022955 0.027519 0.435363 0.055038 0.078981 0 0.011289 0.021529 0.465221 0.042424 0.020540 0 0.011248 0.060234 0.661312 0.120468 0.101959
IMG_9282,0 0.966215 0.540810 0.541004 0.621876 0.452225
IMG_9172,0 0.966856 0.512360 0.538424 0.204701 0.280500 1 0.966144 0.681871 0.630013 0.067453 0.072110 0 0.010884 0.517766 0.634326 0.477248 0.371186
IMG_9298,0 0.959697 0.515170 0.448511 0.479835 0.656718
IMG_8767,0 0.972066 0.600627 0.526384 0.443305 0.406967 1 0.921780 0.435836 0.680698 0.099953 0.121968 1 0.205842 0.549312 0.717355 0.145570 0.163254 1 0.166049 0.762424 0.205967 0.101174 0.095118 0 0.052065 0.704218 0.265745 0.013138 0.015567 1 0.038571 0.549014 0.688211 0.145081 0.104331
IMG_8932,1 0.968768 0.472389 0.585293 0.120440 0.130734 0 0.910126 0.293576 0.682241 0.537326 0.259708 0 0.401375 0.336838 0.774182 0.664994 0.451635 1 0.074062 0.027039 0.465084 0.054078 0.082731 1 0.016214 0.027197 0.491317 0.054394 0.132505
IMG_8698,1 0.960151 0.439288 0.639880 0.083712 0.079218 0 0.670073 0.260946 0.327384 0.400538 0.195335 0 0.564041 0.257813 0.392190 0.398430 0.325343 0 0.321324 0.352945 0.448283 0.199484 0.121762 0 0.253556 0.401718 0.350843 0.117612 0.121658 0 0.215820 0.352665 0.470979 0.197814 0.183133 0 0.061280 0.506941 0.664678 0.986119 0.670645 0 0.059393 0.653565 0.139174 0.665015 0.277798 0 0.048546 0.347312 0.423919 0.210737 0.178951 0 0.011631 0.345022 0.395728 0.218228 0.331381
IMG_8933,0 0.977526 0.552397 0.408837 0.350234 0.197827 1 0.965104 0.254692 0.503642 0.120425 0.064685
IMG_8977,1 0.919561 0.777898 0.508362 0.097779 0.118632 0 0.729149 0.464841 0.533490 0.929682 0.760846 0 0.667508 0.408699 0.565264 0.817397 0.568589 0 0.043622 0.125357 0.207566 0.250251 0.142987
IMG_8664,1 0.941107 0.439925 0.596900 0.275724 0.310541 0 0.924666 0.418671 0.273458 0.421310 0.546683 1 0.093189 0.384841 0.721395 0.436560 0.557210
IMG_8689,1 0.829021 0.717197 0.478343 0.090571 0.084542 1 0.583708 0.636906 0.428704 0.070141 0.092077 0 0.377363 0.323932 0.252533 0.291998 0.165108 0 0.098711 0.324729 0.290441 0.292523 0.238559 1 0.091633 0.652838 0.461699 0.060407 0.075772 1 0.025693 0.636662 0.412638 0.069632 0.059490 0 0.020225 0.324803 0.349449 0.294222 0.357214
IMG_8974,0 0.988773 0.518333 0.462468 0.177139 0.127758 1 0.909522 0.338627 0.790089 0.055417 0.052498
IMG_9163,1 0.974036 0.226045 0.751118 0.191756 0.095168 0 0.959232 0.446397 0.396835 0.622836 0.416037 0 0.054234 0.513160 0.632870 0.967754 0.714461
IMG_8951,0 0.984337 0.751887 0.546113 0.496226 0.225730 1 0.967926 0.170489 0.558239 0.111083 0.110259 0 0.026417 0.265232 0.279767 0.086025 0.114143
IMG_8953,0 0.974865 0.546874 0.202604 0.175281 0.317678 1 0.973131 0.574557 0.575365 0.183647 0.216690 0 0.024231 0.400218 0.099070 0.067385 0.115066
IMG_8669,1 0.719020 0.780951 0.985754 0.198101 0.028445 1 0.139094 0.445213 0.512152 0.076117 0.088666 0 0.019560 0.576879 0.176158 0.021860 0.008543 0 0.016738 0.521923 0.218846 0.023117 0.008477 1 0.012852 0.807408 0.985024 0.293147 0.029937
IMG_8934,0 0.974226 0.476480 0.656808 0.507536 0.390896 1 0.877622 0.239361 0.398107 0.103825 0.100294 1 0.010137 0.521357 0.259139 0.949163 0.518279
IMG_8957,1 0.987342 0.219949 0.564358 0.330242 0.198944 0 0.977605 0.474363 0.217275 0.553611 0.241074 1 0.014271 0.712201 0.008033 0.055156 0.016049
IMG_9287,1 0.973136 0.602879 0.202958 0.112190 0.133113 0 0.931310 0.427731 0.650957 0.126906 0.323049
IMG_8789,0 0.967536 0.276404 0.577066 0.552807 0.559638 1 0.899069 0.901605 0.355263 0.192175 0.082645 1 0.021206 0.720597 0.690455 0.558806 0.617684
IMG_8931,1 0.980796 0.499192 0.508418 0.102184 0.133145 0 0.955924 0.317780 0.622066 0.585950 0.296466
IMG_8697,1 0.917519 0.681872 0.614722 0.094477 0.073841 0 0.705314 0.367670 0.459221 0.382776 0.251264 0 0.096574 0.497161 0.374922 0.145186 0.087689 0 0.034192 0.838376 0.014652 0.319408 0.029304 0 0.034024 0.503694 0.481964 0.087329 0.113059 0 0.033502 0.446436 0.481305 0.201366 0.114134 0 0.017755 0.018466 0.791220 0.036784 0.056071 0 0.016976 0.018260 0.781097 0.036404 0.036487 0 0.016024 0.522897 0.374610 0.094106 0.087593 0 0.013652 0.833217 0.005511 0.182558 0.011021
IMG_9167,1 0.977519 0.192172 0.632189 0.132864 0.130889 0 0.975747 0.461301 0.540387 0.502416 0.267030
IMG_9177,0 0.976578 0.344939 0.812486 0.260583 0.374769 1 0.958937 0.464824 0.924680 0.140727 0.120556
